,VAR_NAME,POS,REF,ALT,GENE,SUB_POP,CORR_IH_AF,VAR_IMPACT,CONSEQUENCE,CONSEQUENCE_CLASSIFICATION
0,rs560166628,110150188,C,T,COL4A1,Esan,0.0033783783783783,6,3_prime_UTR_variant,untranslated region
1,rs145182838,113898727,T,C,AP4B1,Mandinka,0.002840909090909,6,missense_variant,missense
2,rs537401710,31575514,C,T,TNF,Esan,0.0033783783783783,6,upstream_gene_variant,upstream/downstream
3,rs183156478,206770659,C,T,IL10,Yoruba,0.0025510204081632,6,intron_variant,intronic
4,chr1:206769473C-A,206769473,C,A,IL10,Esan,0.0033783783783783,6,intron_variant,intronic
5,rs555751737,151001252,G,A,NOS3,Mandinka,0.002840909090909,6,missense_variant,missense
6,chr11:34449368G-A,34449368,G,A,CAT,Yoruba,0.0025510204081632,6,splice_donor_5th_base_variant | intron_variant,splice site
7,rs552501121,150998961,G,A,NOS3,Esan,0.0033783783783783,6,missense_variant,missense
8,rs45496998,11792355,G,A,MTHFR,Mandinka,0.002840909090909,6,missense_variant,missense
9,rs541115295,230691565,G,A,AGT,Mandinka,0.002840909090909,6,,
10,rs768591241,110175258,C,T,COL4A1,Yoruba,0.0025510204081632,6,missense_variant,missense
11,rs575829132,110233213,G,A,COL4A1,Mandinka,0.002840909090909,5,intron_variant,intronic
12,rs144207910,110178148,G,C,COL4A1,Yoruba,0.0025510204081632,5,missense_variant,missense
13,rs574354244,11789151,G,C,MTHFR,Mandinka,0.002840909090909,5,3_prime_UTR_variant,untranslated region
14,rs139912061,110233218,G,A,COL4A1,Mandinka,0.002840909090909,5,intron_variant,intronic
15,chr19:48250033G-A,48250033,G,A,CARD8,Esan,0.0033783783783783,5,intron_variant,intronic
16,rs543016186,11795125,C,T,MTHFR,Esan,0.0033783783783783,5,missense_variant,missense
17,rs527394792,150993038,G,A,NOS3,Mandinka,0.002840909090909,5,intron_variant,intronic
18,rs575226256,34458158,G,A,CAT,Mandinka,0.002840909090909,5,intron_variant,intronic
19,chr19:48250988A-G,48250988,A,G,CARD8,Yoruba,0.0025510204081632,5,intron_variant,intronic
20,chr7:151001485G-A,151001485,G,A,NOS3,Yoruba,0.0025510204081632,5,intron_variant,intronic
21,rs548192589,48197134,A,C,CARD8,Mandinka,0.002840909090909,5,,
22,rs530054737,34439349,A,T,CAT,Mandinka,0.002840909090909,5,intron_variant,intronic
23,rs532465928,151010480,A,G,NOS3,Mandinka,0.002840909090909,5,intron_variant,intronic
24,chr6:31578122G-A,31578122,G,A,TNF,Esan,0.0033783783783783,5,3_prime_UTR_variant,untranslated region
25,chr1:206767663A-C,206767663,A,C,IL10,Yoruba,0.0025510204081632,5,3_prime_UTR_variant,untranslated region
26,chr19:48251856A-G,48251856,A,G,CARD8,Yoruba,0.0025510204081632,5,intron_variant,intronic
27,rs184801410,110150251,G,A,COL4A1,Yoruba,0.0025510204081632,5,3_prime_UTR_variant,untranslated region
28,rs375222074,230693708,A,G,AGT,Esan,0.0033783783783783,5,,
29,rs144800919,34471001,T,C,CAT,Mandinka,0.002840909090909,5,missense_variant,missense
30,rs113177502,113905242,C,T,AP4B1,Mandinka,0.002840909090909,5,upstream_gene_variant,upstream/downstream
31,rs527710303,110217831,T,C,COL4A1,Mandinka,0.002840909090909,5,intron_variant,intronic
32,rs578094220,110280472,G,A,COL4A1,Yoruba,0.0025510204081632,5,intron_variant,intronic
33,rs539344790,113904798,G,A,AP4B1,Mandinka,0.002840909090909,5,5_prime_UTR_variant,untranslated region
34,chr19:48203220C-T,48203220,C,T,CARD8,Yoruba,0.0025510204081632,5,downstream_gene_variant,upstream/downstream
35,rs558558891,110307164,G,A,COL4A1,Mandinka,0.002840909090909,5,upstream_gene_variant,upstream/downstream
36,rs79922740,113895157,C,T,AP4B1,Yoruba,0.0025510204081632,5,missense_variant,missense
37,rs375374905,113897920,G,A,AP4B1,Esan,0.0033783783783783,5,synonymous_variant,synonymous
38,rs140090271,113900164,C,T,AP4B1,Mandinka,0.002840909090909,5,missense_variant,missense
39,rs566041642,113901338,T,A,AP4B1,Mandinka,0.002840909090909,5,missense_variant,missense
40,rs534678582,113901377,G,A,AP4B1,Mandinka,0.002840909090909,5,missense_variant,missense
41,rs561219501,48242095,G,A,CARD8,Yoruba,0.0025510204081632,4,intron_variant,intronic
42,rs572439232,48242066,A,G,CARD8,Esan,0.0033783783783783,4,intron_variant,intronic
43,chr19:48254616G-A,48254616,G,A,CARD8,Yoruba,0.0025510204081632,4,intron_variant,intronic
44,rs569562862,230734391,G,C,AGT,Mandinka,0.002840909090909,4,,
45,chr6:31576100G-A,31576100,G,A,TNF,Yoruba,0.0025510204081632,4,intron_variant,intronic
46,rs186264273,230728400,C,T,AGT,Mandinka,0.002840909090909,4,,
47,rs149265730,48242094,C,T,CARD8,Yoruba,0.0025510204081632,4,intron_variant,intronic
48,chr1:230721548C-G,230721548,C,G,AGT,Yoruba,0.0025510204081632,4,,
49,chr6:31578021T-C,31578021,T,C,TNF,Mandinka,0.002840909090909,4,3_prime_UTR_variant,untranslated region
50,rs139908957,48194390,G,A,CARD8,Mandinka,0.002840909090909,4,,
51,rs192418774,48235177,G,A,CARD8,Mandinka,0.002840909090909,4,intron_variant,intronic
52,rs368753937,34439150,C,G,CAT,Esan,0.0033783783783783,4,intron_variant,intronic
53,rs192418774,48235177,G,A,CARD8,Yoruba,0.0025510204081632,4,intron_variant,intronic
54,rs570265292,48219898,G,A,CARD8,Yoruba,0.0025510204081632,4,intron_variant,intronic
55,rs577581138,48251460,C,T,CARD8,Mandinka,0.002840909090909,4,intron_variant,intronic
56,chr11:34463853T-C,34463853,T,C,CAT,Esan,0.0033783783783783,4,intron_variant,intronic
57,rs139875365,34464197,C,T,CAT,Yoruba,0.0025510204081632,4,missense_variant,missense
58,rs74921263,48181742,T,C,CARD8,Esan,0.0033783783783783,4,,
59,rs546225777,48190615,G,A,CARD8,Yoruba,0.0025510204081632,4,,
60,rs62131030,48194384,C,T,CARD8,Mandinka,0.002840909090909,4,,
61,rs537798627,48204052,G,A,CARD8,Mandinka,0.002840909090909,4,downstream_gene_variant,upstream/downstream
62,rs2069829,22727010,C,T,IL6,Yoruba,0.0025510204081632,4,upstream_gene_variant,upstream/downstream
63,rs151331210,48254620,G,C,CARD8,Esan,0.0033783783783783,4,intron_variant,intronic
64,rs74126132,110248105,C,A,COL4A1,Yoruba,0.0025510204081632,4,intron_variant,intronic
65,rs147707629,110295373,T,C,COL4A1,Mandinka,0.002840909090909,4,intron_variant,intronic
66,rs569310933,110292166,C,T,COL4A1,Yoruba,0.0025510204081632,4,intron_variant,intronic
67,rs143029912,110292096,C,A,COL4A1,Esan,0.0033783783783783,4,intron_variant,intronic
68,rs183634479,110305954,A,G,COL4A1,Yoruba,0.0025510204081632,4,intron_variant,intronic
69,rs183005452,110280544,G,A,COL4A1,Mandinka,0.002840909090909,4,intron_variant,intronic
70,rs113338770,113905000,C,T,AP4B1,Mandinka,0.002840909090909,4,upstream_gene_variant,upstream/downstream
71,rs372788905,11786186,C,T,MTHFR,Yoruba,0.0025510204081632,4,3_prime_UTR_variant,untranslated region
72,rs372788905,11786186,C,T,MTHFR,Esan,0.0033783783783783,4,3_prime_UTR_variant,untranslated region
73,rs533406308,11789746,C,T,MTHFR,Esan,0.0033783783783783,4,3_prime_UTR_variant,untranslated region
74,rs145641996,11792285,T,G,MTHFR,Yoruba,0.0025510204081632,4,missense_variant,missense
75,chr13:110248118A-G,110248118,A,G,COL4A1,Yoruba,0.0025510204081632,4,intron_variant,intronic
76,rs551040568,11793504,A,G,MTHFR,Yoruba,0.0025510204081632,4,intron_variant,intronic
77,chr7:151013928G-A,151013928,G,A,NOS3,Mandinka,0.002840909090909,4,intron_variant,intronic
78,rs189330606,206769288,C,T,IL10,Esan,0.0033783783783783,4,intron_variant,intronic
79,rs147839909,206771686,C,T,IL10,Yoruba,0.0025510204081632,4,intron_variant,intronic
80,chr7:22726998T-G,22726998,T,G,IL6,Yoruba,0.0025510204081632,4,upstream_gene_variant,upstream/downstream
81,rs148669216,110216591,A,G,COL4A1,Mandinka,0.002840909090909,4,intron_variant,intronic
82,chr13:110216415G-A,110216415,G,A,COL4A1,Mandinka,0.002840909090909,4,intron_variant,intronic
83,rs550941447,110205824,T,C,COL4A1,Mandinka,0.002840909090909,4,intron_variant,intronic
84,rs570472326,110155280,T,C,COL4A1,Esan,0.0033783783783783,4,splice_donor_region_variant | intron_variant,splice site
85,rs150001328,48242690,T,C,CARD8,Esan,0.0033783783783783,3,intron_variant,intronic
86,chr19:48214780T-C,48214780,T,C,CARD8,Yoruba,0.0025510204081632,3,intron_variant,intronic
87,rs530778281,48242971,T,C,CARD8,Yoruba,0.0025510204081632,3,intron_variant,intronic
88,rs182135102,48248556,A,G,CARD8,Yoruba,0.0025510204081632,3,intron_variant,intronic
89,rs142095766,48229032,G,A,CARD8,Esan,0.0033783783783783,3,intron_variant,intronic
90,rs142095766,48229032,G,A,CARD8,Yoruba,0.0025510204081632,3,intron_variant,intronic
91,chr19:48214781T-C,48214781,T,C,CARD8,Mandinka,0.002840909090909,3,intron_variant,intronic
92,chr19:48214780T-C,48214780,T,C,CARD8,Esan,0.0033783783783783,3,intron_variant,intronic
93,rs2069851,22731685,G,A,IL6,Esan,0.0033783783783783,3,3_prime_UTR_variant,untranslated region
94,chr19:48214774T-C,48214774,T,C,CARD8,Yoruba,0.0025510204081632,3,intron_variant,intronic
95,chr19:48214774T-C,48214774,T,C,CARD8,Mandinka,0.002840909090909,3,intron_variant,intronic
96,rs142217532,22728317,C,T,IL6,Yoruba,0.0025510204081632,3,intron_variant,intronic
97,rs571307563,22727358,G,A,IL6,Mandinka,0.002840909090909,3,intron_variant,intronic
98,rs542313646,230743259,G,A,AGT,Esan,0.0033783783783783,3,,
99,chr1:230744936A-G,230744936,A,G,AGT,Mandinka,0.002840909090909,3,,
100,chr7:151012140A-G,151012140,A,G,NOS3,Yoruba,0.0025510204081632,3,intron_variant,intronic
101,chr7:151010001C-T,151010001,C,T,NOS3,Yoruba,0.0025510204081632,3,intron_variant,intronic
102,rs149255032,150999183,C,T,NOS3,Mandinka,0.002840909090909,3,splice_polypyrimidine_tract_variant | splice_region_variant | intron_variant,splice site
103,rs557040438,48207511,T,C,CARD8,Mandinka,0.002840909090909,3,downstream_gene_variant,upstream/downstream
104,rs142721517,150998957,G,C,NOS3,Esan,0.0033783783783783,3,missense_variant,missense
105,chr7:150996082A-C,150996082,A,C,NOS3,Esan,0.0033783783783783,3,intron_variant,intronic
106,rs575828809,113904874,C,G,AP4B1,Yoruba,0.0025510204081632,3,upstream_gene_variant,upstream/downstream
107,rs542008863,110302801,T,C,COL4A1,Esan,0.0033783783783783,3,intron_variant,intronic
108,rs570947653,48205453,C,T,CARD8,Esan,0.0033783783783783,3,downstream_gene_variant,upstream/downstream
109,rs139517221,230725710,T,C,AGT,Esan,0.0033783783783783,3,,
110,chr19:48214772T-C,48214772,T,C,CARD8,Mandinka,0.002840909090909,3,intron_variant,intronic
111,chr19:48214773T-C,48214773,T,C,CARD8,Esan,0.0033783783783783,3,intron_variant,intronic
112,rs574165963,110169555,A,G,COL4A1,Mandinka,0.002840909090909,2,intron_variant,intronic
113,rs539230939,48242651,T,C,CARD8,Esan,0.0033783783783783,2,intron_variant,intronic
